
INSERT INTO dboarddb.comment (id, comment_content, comment_timestamp, contributor)
VALUES (1, 'comment c1', '2020-06-12 15:25:04.035000', 'Jane Doe');

INSERT INTO dboarddb.comment (id, comment_content, comment_timestamp, contributor)
VALUES (2, 'comment c2', '2020-06-12 15:25:04.035000', 'Jane Doe');

INSERT INTO dboarddb.comment (id, comment_content, comment_timestamp, contributor)
VALUES (3, 'comment c3', '2020-06-12 15:25:04.035000', 'Jane Doe');

INSERT INTO dboarddb.comment (id, comment_content, comment_timestamp, contributor)
VALUES (4, 'comment on c4', '2020-06-12 15:25:04.035000', ' Jane Doe');

INSERT INTO
    dboarddb.tags (id, tag)
VALUES
(1, 'Russia'),
(2, 'Venezuela'),
(3, 'Humanitarian Assistance'),
(4, 'Europe'),
(5, 'NATO'),
(6, 'Turkey');

INSERT INTO dboarddb.discussion (id, discuss_timestamp, discuss_title, discuss_subtitle, discuss_content, contributor)
VALUES (1, '2020-06-12 15:25:04.035000', 'Getting Turkey Back On Side', 'Resetting US-NATO Relations', 'Lorem ipsum dolor sit amet, consectetur adipiscing elit. Nulla dapibus libero pulvinar, fermentum metus quis, finibus augue. Duis id imperdiet metus, dictum laoreet mi. Donec egestas semper ipsum, et semper metus aliquet tempor. Praesent at mattis sem, vitae venenatis arcu. Donec sollicitudin sem ut felis ultricies mattis. Nullam ut aliquam ipsum. Mauris ut aliquam massa, vel molestie diam. Morbi sodales convallis odio, non auctor urna ullamcorper ac. Integer luctus mauris in ex lobortis, non tristique purus volutpat. Aliquam accumsan dui vel bibendum gravida. Pellentesque habitant morbi tristique senectus et netus et malesuada fames ac turpis egestas. Mauris dapibus massa nec leo interdum cursus. Etiam sapien velit, malesuada sit amet mattis non, faucibus non dolor. Mauris eget euismod quam, vel scelerisque nunc. Cras elementum suscipit nibh a accumsan. Curabitur pretium vulputate pellentesque.

Vestibulum egestas neque arcu, et dictum quam imperdiet nec. Class aptent taciti sociosqu ad litora torquent per conubia nostra, per inceptos himenaeos. In lectus mi, tempor eget sem at, rutrum vehicula tellus. Curabitur nisl mi, venenatis vitae tempor ac, efficitur in ligula. Etiam egestas sem quis dignissim finibus. Sed nulla leo, convallis sit amet lectus mattis, volutpat lobortis metus. Praesent nec urna ac augue tempor gravida. Sed ligula dui, ultrices ac risus quis, suscipit convallis quam. Nullam erat massa, maximus id rutrum sit amet, tincidunt a felis. Nunc vitae placerat urna, non gravida magna. Nam blandit, quam eget dignissim rhoncus, urna diam cursus risus, et lacinia diam sem et lectus. Donec pulvinar tincidunt mauris non placerat. Integer pharetra blandit arcu et tincidunt. Aenean nec sapien vitae mi mollis lobortis consectetur nec odio. Aliquam cursus faucibus fermentum.

Nulla sollicitudin orci at mauris sollicitudin maximus. Vivamus vitae tincidunt felis, hendrerit viverra risus. Morbi nec elit justo. Pellentesque pulvinar mi enim, vel mollis quam venenatis sed. Quisque pellentesque in eros porttitor interdum. Sed ex nibh, tincidunt ac efficitur id, tempor at elit. Curabitur nunc elit, rhoncus in tellus id, ornare eleifend mauris. Ut auctor turpis a laoreet tincidunt. Suspendisse ultricies tempor porttitor. Class aptent taciti sociosqu ad litora torquent per conubia nostra, per inceptos himenaeos. Quisque mollis dui vitae pulvinar euismod.

Maecenas convallis, mauris vel laoreet ullamcorper, elit libero tincidunt orci, in vestibulum lorem ipsum a nisi. Praesent est nulla, aliquam non sodales at, sollicitudin vitae urna. Maecenas in rhoncus risus. Vestibulum dignissim blandit ornare. Donec pulvinar arcu nec laoreet maximus. Aenean lobortis risus non consectetur consectetur. Morbi posuere nibh in erat sagittis, ut pharetra ipsum viverra. Nunc convallis posuere egestas. Fusce id lacus quis elit cursus imperdiet a et lorem. Suspendisse consectetur, nisl efficitur lacinia aliquet, ipsum elit lobortis orci, et aliquam massa mauris vel mi. In vestibulum eros ut sem posuere fringilla. Aenean non metus ut quam pharetra commodo sit amet id felis. In lacinia vel nibh quis elementum. Donec vel cursus lacus. Mauris nibh velit, interdum in molestie ac, fringilla quis lorem.

Pellentesque gravida tempor ipsum vel placerat. Fusce bibendum diam leo, sit amet hendrerit leo placerat ac. Ut a mi scelerisque nisl vulputate convallis nec sed augue. Integer a elit luctus massa placerat rutrum. Duis ut massa ac ante pulvinar facilisis id in elit. Maecenas consectetur justo nec egestas euismod. Aenean elementum id nisi ut convallis. Maecenas eu pellentesque purus. Ut porta convallis leo at fringilla. Nunc bibendum massa cursus nisl volutpat, at ultrices erat dignissim. Duis quis neque nulla.', 'John Doe');


INSERT INTO dboarddb.discussion (id, discuss_timestamp, discuss_title, discuss_subtitle, discuss_content, contributor)
VALUES (2, '2020-06-12 15:25:04.035000', 'Preventing Collapse', 'Assisting Venezuelan Stabilization ', 'Lorem ipsum dolor sit amet, consectetur adipiscing elit. Nulla dapibus libero pulvinar, fermentum metus quis, finibus augue. Duis id imperdiet metus, dictum laoreet mi. Donec egestas semper ipsum, et semper metus aliquet tempor. Praesent at mattis sem, vitae venenatis arcu. Donec sollicitudin sem ut felis ultricies mattis. Nullam ut aliquam ipsum. Mauris ut aliquam massa, vel molestie diam. Morbi sodales convallis odio, non auctor urna ullamcorper ac. Integer luctus mauris in ex lobortis, non tristique purus volutpat. Aliquam accumsan dui vel bibendum gravida. Pellentesque habitant morbi tristique senectus et netus et malesuada fames ac turpis egestas. Mauris dapibus massa nec leo interdum cursus. Etiam sapien velit, malesuada sit amet mattis non, faucibus non dolor. Mauris eget euismod quam, vel scelerisque nunc. Cras elementum suscipit nibh a accumsan. Curabitur pretium vulputate pellentesque.

Vestibulum egestas neque arcu, et dictum quam imperdiet nec. Class aptent taciti sociosqu ad litora torquent per conubia nostra, per inceptos himenaeos. In lectus mi, tempor eget sem at, rutrum vehicula tellus. Curabitur nisl mi, venenatis vitae tempor ac, efficitur in ligula. Etiam egestas sem quis dignissim finibus. Sed nulla leo, convallis sit amet lectus mattis, volutpat lobortis metus. Praesent nec urna ac augue tempor gravida. Sed ligula dui, ultrices ac risus quis, suscipit convallis quam. Nullam erat massa, maximus id rutrum sit amet, tincidunt a felis. Nunc vitae placerat urna, non gravida magna. Nam blandit, quam eget dignissim rhoncus, urna diam cursus risus, et lacinia diam sem et lectus. Donec pulvinar tincidunt mauris non placerat. Integer pharetra blandit arcu et tincidunt. Aenean nec sapien vitae mi mollis lobortis consectetur nec odio. Aliquam cursus faucibus fermentum.

Nulla sollicitudin orci at mauris sollicitudin maximus. Vivamus vitae tincidunt felis, hendrerit viverra risus. Morbi nec elit justo. Pellentesque pulvinar mi enim, vel mollis quam venenatis sed. Quisque pellentesque in eros porttitor interdum. Sed ex nibh, tincidunt ac efficitur id, tempor at elit. Curabitur nunc elit, rhoncus in tellus id, ornare eleifend mauris. Ut auctor turpis a laoreet tincidunt. Suspendisse ultricies tempor porttitor. Class aptent taciti sociosqu ad litora torquent per conubia nostra, per inceptos himenaeos. Quisque mollis dui vitae pulvinar euismod.

Maecenas convallis, mauris vel laoreet ullamcorper, elit libero tincidunt orci, in vestibulum lorem ipsum a nisi. Praesent est nulla, aliquam non sodales at, sollicitudin vitae urna. Maecenas in rhoncus risus. Vestibulum dignissim blandit ornare. Donec pulvinar arcu nec laoreet maximus. Aenean lobortis risus non consectetur consectetur. Morbi posuere nibh in erat sagittis, ut pharetra ipsum viverra. Nunc convallis posuere egestas. Fusce id lacus quis elit cursus imperdiet a et lorem. Suspendisse consectetur, nisl efficitur lacinia aliquet, ipsum elit lobortis orci, et aliquam massa mauris vel mi. In vestibulum eros ut sem posuere fringilla. Aenean non metus ut quam pharetra commodo sit amet id felis. In lacinia vel nibh quis elementum. Donec vel cursus lacus. Mauris nibh velit, interdum in molestie ac, fringilla quis lorem.

Pellentesque gravida tempor ipsum vel placerat. Fusce bibendum diam leo, sit amet hendrerit leo placerat ac. Ut a mi scelerisque nisl vulputate convallis nec sed augue. Integer a elit luctus massa placerat rutrum. Duis ut massa ac ante pulvinar facilisis id in elit. Maecenas consectetur justo nec egestas euismod. Aenean elementum id nisi ut convallis. Maecenas eu pellentesque purus. Ut porta convallis leo at fringilla. Nunc bibendum massa cursus nisl volutpat, at ultrices erat dignissim. Duis quis neque nulla.', 'John Doe');


INSERT INTO dboarddb.discussion (id, discuss_timestamp, discuss_title, discuss_subtitle, discuss_content, contributor)
VALUES (3, '2020-06-12 15:25:04.035000', 'A New Cold War', 'Confronting a Hostile Russia', 'Lorem ipsum dolor sit amet, consectetur adipiscing elit. Nulla dapibus libero pulvinar, fermentum metus quis, finibus augue. Duis id imperdiet metus, dictum laoreet mi. Donec egestas semper ipsum, et semper metus aliquet tempor. Praesent at mattis sem, vitae venenatis arcu. Donec sollicitudin sem ut felis ultricies mattis. Nullam ut aliquam ipsum. Mauris ut aliquam massa, vel molestie diam. Morbi sodales convallis odio, non auctor urna ullamcorper ac. Integer luctus mauris in ex lobortis, non tristique purus volutpat. Aliquam accumsan dui vel bibendum gravida. Pellentesque habitant morbi tristique senectus et netus et malesuada fames ac turpis egestas. Mauris dapibus massa nec leo interdum cursus. Etiam sapien velit, malesuada sit amet mattis non, faucibus non dolor. Mauris eget euismod quam, vel scelerisque nunc. Cras elementum suscipit nibh a accumsan. Curabitur pretium vulputate pellentesque.

Vestibulum egestas neque arcu, et dictum quam imperdiet nec. Class aptent taciti sociosqu ad litora torquent per conubia nostra, per inceptos himenaeos. In lectus mi, tempor eget sem at, rutrum vehicula tellus. Curabitur nisl mi, venenatis vitae tempor ac, efficitur in ligula. Etiam egestas sem quis dignissim finibus. Sed nulla leo, convallis sit amet lectus mattis, volutpat lobortis metus. Praesent nec urna ac augue tempor gravida. Sed ligula dui, ultrices ac risus quis, suscipit convallis quam. Nullam erat massa, maximus id rutrum sit amet, tincidunt a felis. Nunc vitae placerat urna, non gravida magna. Nam blandit, quam eget dignissim rhoncus, urna diam cursus risus, et lacinia diam sem et lectus. Donec pulvinar tincidunt mauris non placerat. Integer pharetra blandit arcu et tincidunt. Aenean nec sapien vitae mi mollis lobortis consectetur nec odio. Aliquam cursus faucibus fermentum.

Nulla sollicitudin orci at mauris sollicitudin maximus. Vivamus vitae tincidunt felis, hendrerit viverra risus. Morbi nec elit justo. Pellentesque pulvinar mi enim, vel mollis quam venenatis sed. Quisque pellentesque in eros porttitor interdum. Sed ex nibh, tincidunt ac efficitur id, tempor at elit. Curabitur nunc elit, rhoncus in tellus id, ornare eleifend mauris. Ut auctor turpis a laoreet tincidunt. Suspendisse ultricies tempor porttitor. Class aptent taciti sociosqu ad litora torquent per conubia nostra, per inceptos himenaeos. Quisque mollis dui vitae pulvinar euismod.

Maecenas convallis, mauris vel laoreet ullamcorper, elit libero tincidunt orci, in vestibulum lorem ipsum a nisi. Praesent est nulla, aliquam non sodales at, sollicitudin vitae urna. Maecenas in rhoncus risus. Vestibulum dignissim blandit ornare. Donec pulvinar arcu nec laoreet maximus. Aenean lobortis risus non consectetur consectetur. Morbi posuere nibh in erat sagittis, ut pharetra ipsum viverra. Nunc convallis posuere egestas. Fusce id lacus quis elit cursus imperdiet a et lorem. Suspendisse consectetur, nisl efficitur lacinia aliquet, ipsum elit lobortis orci, et aliquam massa mauris vel mi. In vestibulum eros ut sem posuere fringilla. Aenean non metus ut quam pharetra commodo sit amet id felis. In lacinia vel nibh quis elementum. Donec vel cursus lacus. Mauris nibh velit, interdum in molestie ac, fringilla quis lorem.

Pellentesque gravida tempor ipsum vel placerat. Fusce bibendum diam leo, sit amet hendrerit leo placerat ac. Ut a mi scelerisque nisl vulputate convallis nec sed augue. Integer a elit luctus massa placerat rutrum. Duis ut massa ac ante pulvinar facilisis id in elit. Maecenas consectetur justo nec egestas euismod. Aenean elementum id nisi ut convallis. Maecenas eu pellentesque purus. Ut porta convallis leo at fringilla. Nunc bibendum massa cursus nisl volutpat, at ultrices erat dignissim. Duis quis neque nulla.', 'John Doe');



INSERT INTO
    dboarddb.discussion_tags (discussion_id, tags_id)
VALUES
(1, 6),
(1, 5),
(2, 2),
(2, 3),
(3, 1),
(3, 4);

INSERT INTO
    dboarddb.discussion_comments (discussion_id, comments_id)
VALUES
(1, 1),
(1, 2),
(2, 3),
(3, 4);


INSERT INTO
    dboarddb.role (id, role)
VALUES
       (1, 'ADMIN'),
       (2, 'USER'),
       (3, 'CONTRIBUTOR'),
       (4, 'REVIEWER');


INSERT INTO
    dboarddb.messages (email, message_content, message_timestamp, name, message_is_read)
VALUES
       ('Jane.Doe@mail.net', 'message 1 content', '2020-06-12 15:25:04.035000', 'Jane Doe', false),
       ('John.Doe@mail.net', 'message 2 content', '2020-06-12 15:25:04.035000', 'John Doe', true),
       ('Joey.Doe@mail.net', 'message 3 content', '2020-06-12 15:25:04.035000', 'Joey Doe', false);
